,0,1,2,3
0,Give,VB,ROOT,0
1,me,PRP,dative,0
2,all,DT,det,0
3,cosmonauts,NNS,dobj,1
4,In,IN,prep,0
5,which,WDT,det,0
6,country,NN,pcomp,1
7,does,VBZ,aux,0
8,the,DT,det,0
9,Ganges,NNPS,nsubj,1
10,start,VB,ROOT,1
11,When,WRB,advmod,0
12,is,VBZ,ROOT,0
13,the,DT,det,1
14,movie,NN,nsubj,1
15,Worst,NNP,compound,1
16,Case,NNP,compound,1
17,Scenario,NNP,nsubj,1
18,going,VBG,relcl,0
19,to,TO,aux,0
20,be,VB,xcomp,0
21,in,IN,prep,1
22,cinemas,NNS,pobj,0
23,in,IN,prep,1
24,the,DT,det,1
25,Netherlands,NNP,pobj,1
26,Which,WDT,det,0
27,German,JJ,amod,1
28,cities,NNS,nsubj,0
29,have,VBP,ROOT,0
30,more,JJR,amod,1
31,than,IN,quantmod,1
32,250000,CD,nummod,1
33,inhabitants,NNS,dobj,1
34,Who,WP,attr,0
35,was,VBD,ROOT,0
36,John,NNP,compound,1
37,Kennedy,NNP,poss,1
38,'s,POS,case,0
39,vice,NN,compound,1
40,president,NN,attr,1
41,Who,WP,attr,0
42,is,VBZ,ROOT,0
43,the,DT,det,0
44,mayor,NN,attr,1
45,of,IN,prep,0
46,Berlin,NNP,pobj,1
47,How,WRB,advmod,0
48,many,JJ,amod,0
49,students,NNS,nsubj,1
50,does,VBZ,aux,0
51,the,DT,det,0
52,Free,NNP,compound,1
53,University,NNP,nsubj,1
54,in,IN,prep,0
55,Amsterdam,NNP,pobj,1
56,have,VBP,ROOT,0
57,What,WP,attr,0
58,is,VBZ,ROOT,0
59,the,DT,det,0
60,second,JJ,amod,1
61,highest,JJS,amod,1
62,mountain,NN,nsubj,1
63,on,IN,prep,1
64,Earth,NNP,pobj,0
65,Give,VB,ROOT,0
66,me,PRP,dative,0
67,all,DT,det,0
68,professional,JJ,amod,1
69,skateboarders,NNS,dobj,0
70,from,IN,prep,0
71,Sweden,NNP,pobj,1
72,When,WRB,advmod,0
73,was,VBD,auxpass,0
74,Alberta,NNP,nsubj,1
75,admitted,VBD,ROOT,0
76,as,IN,prep,0
77,province,NN,pobj,1
78,To,TO,prep,0
79,which,WDT,det,0
80,countries,NNS,nsubj,0
81,does,VBZ,aux,0
82,the,DT,det,0
83,Himalayan,JJ,compound,1
84,mountain,NN,compound,1
85,system,NN,nsubj,1
86,extend,VB,ROOT,1
87,Give,VB,ROOT,0
88,me,PRP,dative,0
89,list,NN,dobj,0
90,of,IN,prep,0
91,all,DT,det,0
92,bandleaders,NNS,pobj,0
93,that,WDT,nsubj,0
94,play,VBP,relcl,1
95,trumpet,NN,dobj,1
96,Which,WDT,det,0
97,countries,NNS,nsubj,0
98,have,VBP,ROOT,0
99,more,JJR,amod,1
100,than,IN,quantmod,1
101,ten,CD,nummod,1
102,caves,NNS,dobj,0
103,What,WP,attr,0
104,is,VBZ,ROOT,0
105,the,DT,det,0
106,total,JJ,amod,1
107,amount,NN,nsubj,1
108,of,IN,prep,0
109,men,NNS,pobj,1
110,and,CC,cc,0
111,women,NNS,conj,1
112,serving,VBG,acl,0
113,in,IN,prep,0
114,the,DT,det,0
115,FDNY,NNP,pobj,1
116,Who,WP,nsubj,0
117,produces,VBZ,ROOT,0
118,Orangina,NNP,dobj,1
119,Who,WP,attr,0
120,is,VBZ,ROOT,0
121,the,DT,det,0
122,Formula,NNP,nmod,1
123,race,NN,compound,1
124,driver,NN,nsubj,1
125,with,IN,prep,0
126,the,DT,det,0
127,most,JJS,amod,1
128,races,NNS,pobj,1
129,Give,VB,ROOT,0
130,me,PRP,dative,0
131,all,DT,det,0
132,world,NN,compound,1
133,heritage,NN,compound,1
134,sites,NNS,dobj,0
135,designated,VBN,acl,0
136,within,IN,prep,0
137,the,DT,det,0
138,past,JJ,amod,1
139,two,CD,nummod,1
140,years,NNS,pobj,1
141,Who,WP,attr,0
142,is,VBZ,ROOT,0
143,the,DT,det,0
144,youngest,JJS,amod,1
145,player,NN,attr,1
146,in,IN,prep,0
147,the,DT,det,0
148,Premier,NNP,compound,1
149,League,NNP,pobj,1
150,Give,VB,ROOT,0
151,me,PRP,dative,1
152,all,DT,det,0
153,members,NNS,dobj,0
154,of,IN,prep,0
155,Prodigy,NNP,pobj,1
156,What,WP,attr,0
157,is,VBZ,ROOT,0
158,the,DT,det,0
159,longest,JJS,amod,1
160,river,NN,nsubj,1
161,Does,VBZ,aux,0
162,Breaking,VBG,compound,1
163,Bad,NNP,nsubj,1
164,have,VB,ROOT,0
165,more,JJR,amod,1
166,episodes,NNS,dobj,1
167,than,IN,prep,1
168,Game,NNP,pobj,1
169,of,IN,prep,1
170,Thrones,NNP,pobj,1
171,Give,VB,ROOT,0
172,me,PRP,dative,0
173,all,DT,det,0
174,cars,NNS,dobj,0
175,that,WDT,nsubjpass,0
176,are,VBP,auxpass,0
177,produced,VBN,relcl,0
178,in,IN,prep,0
179,Germany,NNP,pobj,1
180,What,WP,attr,0
181,were,VBD,ROOT,0
182,the,DT,det,0
183,main,JJ,amod,1
184,discoveries,NNS,nsubj,1
185,of,IN,prep,0
186,the,DT,det,0
187,Mars,NNP,compound,1
188,rover,NN,compound,1
189,Curiosity,NNP,pobj,1
190,Give,VB,ROOT,0
191,me,PRP,dative,0
192,all,DT,det,0
193,people,NNS,dobj,1
194,that,WDT,nsubjpass,0
195,were,VBD,auxpass,0
196,born,VBN,relcl,1
197,in,IN,prep,1
198,Vienna,NNP,pobj,1
199,and,CC,cc,0
200,died,VBD,conj,0
201,in,IN,prep,1
202,Berlin,NNP,pobj,1
203,Is,VBZ,ROOT,0
204,proinsulin,VB,nsubj,1
205,protein,NN,attr,1
206,How,WRB,advmod,0
207,tall,JJ,acomp,1
208,is,VBZ,ROOT,0
209,Michael,NNP,compound,1
210,Jordan,NNP,nsubj,1
211,What,WP,attr,0
212,is,VBZ,ROOT,0
213,the,DT,det,0
214,capital,NN,nsubj,1
215,of,IN,prep,0
216,Canada,NNP,pobj,1
217,Who,WP,attr,0
218,is,VBZ,ROOT,0
219,the,DT,det,0
220,governor,NN,attr,1
221,of,IN,prep,0
222,Wyoming,NNP,pobj,1
223,Do,VBP,aux,0
224,Prince,NNP,compound,1
225,Harry,NNP,nsubj,1
226,and,CC,cc,0
227,Prince,NNP,compound,1
228,William,NNP,conj,1
229,have,VB,ROOT,0
230,the,DT,det,0
231,same,JJ,amod,1
232,parents,NNS,dobj,1
233,Who,WP,attr,0
234,was,VBD,ROOT,0
235,the,DT,det,1
236,father,NN,attr,1
237,of,IN,prep,0
238,Queen,NNP,compound,1
239,Elizabeth,NNP,compound,1
240,II,NNP,pobj,1
241,Which,WDT,det,0
242,U.S,NNP,compound,1
243,state,NN,nsubjpass,1
244,has,VBZ,aux,0
245,been,VBN,auxpass,0
246,admitted,VBN,ROOT,0
247,latest,JJS,advmod,0
248,How,WRB,advmod,0
249,many,JJ,amod,0
250,languages,NNS,nsubjpass,1
251,are,VBP,auxpass,0
252,spoken,VBN,ROOT,0
253,in,IN,prep,0
254,Turkmenistan,NNP,pobj,1
255,Sean,NNP,compound,1
256,Parnell,NNP,nsubj,1
257,is,VBZ,ROOT,0
258,the,DT,det,0
259,governor,NN,attr,1
260,of,IN,prep,0
261,which,WDT,pobj,0
262,U.S,NNP,compound,1
263,state,NN,relcl,1
264,Give,VB,ROOT,0
265,me,PRP,dative,0
266,all,DT,det,0
267,movies,NNS,dobj,0
268,directed,VBN,acl,0
269,by,IN,agent,0
270,Francis,NNP,compound,1
271,Ford,NNP,compound,1
272,Coppola,NNP,pobj,1
273,Give,VB,ROOT,0
274,me,PRP,dative,0
275,all,DT,det,0
276,actors,NNS,dobj,0
277,starring,VBG,acl,1
278,in,IN,prep,1
279,movies,NNS,pobj,0
280,directed,VBN,acl,0
281,by,IN,agent,0
282,William,NNP,compound,1
283,Shatner,NNP,pobj,1
284,Are,VBP,aux,0
285,tree,NN,nsubj,1
286,frogs,NNS,ROOT,0
287,type,NN,dobj,0
288,of,IN,prep,0
289,amphibian,JJ,pobj,1
290,What,WP,attr,0
291,is,VBZ,ROOT,0
292,the,DT,det,0
293,birth,NN,compound,1
294,name,NN,nsubj,1
295,of,IN,prep,0
296,Angela,NNP,compound,1
297,Merkel,NNP,pobj,1
298,Give,VB,ROOT,0
299,me,PRP,dative,0
300,all,DT,det,0
301,Methodist,JJ,amod,1
302,politicians,NNS,dobj,0
303,How,WRB,advmod,0
304,often,RB,advmod,1
305,did,VBD,aux,0
306,Jane,NNP,compound,1
307,Fonda,NNP,nsubj,1
308,marry,VB,ROOT,1
309,Give,VB,ROOT,0
310,me,PRP,dative,0
311,all,DT,det,0
312,Australian,JJ,amod,0
313,nonprofit,JJ,amod,1
314,organizations,NNS,dobj,0
315,In,IN,prep,0
316,which,WDT,pobj,0
317,military,JJ,amod,1
318,conflicts,NNS,nsubj,0
319,did,VBD,aux,0
320,Lawrence,NNP,nsubj,1
321,of,IN,prep,1
322,Arabia,NNP,pobj,1
323,participate,VB,ROOT,0
324,Who,WP,nsubj,0
325,developed,VBD,ROOT,0
326,Minecraft,NNP,dobj,1
327,What,WP,attr,0
328,is,VBZ,ROOT,0
329,the,DT,det,0
330,melting,VBG,compound,1
331,point,NN,nsubj,1
332,of,IN,prep,0
333,copper,NN,pobj,1
334,Give,VB,ROOT,0
335,me,PRP,dative,0
336,all,DT,det,0
337,sister,NN,compound,1
338,cities,NNS,dobj,0
339,of,IN,prep,0
340,Brno,NNP,pobj,1
341,How,WRB,advmod,0
342,many,JJ,amod,0
343,inhabitants,NNS,dobj,1
344,does,VBZ,aux,0
345,Maribor,NNP,nsubj,1
346,have,VB,ROOT,0
347,Give,VB,ROOT,0
348,me,PRP,dative,0
349,all,DT,det,0
350,companies,NNS,dobj,0
351,in,IN,prep,0
352,Munich,NNP,pobj,1
353,How,WRB,advmod,0
354,tall,JJ,acomp,1
355,is,VBZ,ROOT,0
356,Claudia,NNP,compound,1
357,Schiffer,NNP,nsubj,1
358,List,VB,ROOT,0
359,all,DT,det,0
360,games,NNS,appos,0
361,by,IN,prep,0
362,GMT,NNP,pobj,1
363,Who,WP,nsubj,0
364,founded,VBD,ROOT,1
365,Intel,NNP,dobj,1
366,Who,WP,attr,0
367,is,VBZ,ROOT,0
368,the,DT,det,0
369,husband,NN,nsubj,1
370,of,IN,prep,0
371,Amanda,NNP,compound,1
372,Palmer,NNP,pobj,1
373,Give,VB,ROOT,0
374,me,PRP,dative,0
375,all,DT,det,0
376,breeds,NNS,dobj,0
377,of,IN,prep,0
378,the,DT,det,0
379,German,JJ,amod,1
380,Shepherd,NNP,compound,1
381,dog,NN,pobj,1
382,Which,WDT,det,0
383,cities,NNS,nsubj,0
384,does,VBZ,aux,0
385,the,DT,det,0
386,Weser,NNP,nsubj,1
387,flow,VB,ROOT,1
388,through,RB,prt,1
389,Which,WDT,det,0
390,countries,NNS,nsubjpass,0
391,are,VBP,auxpass,0
392,connected,VBN,ROOT,0
393,by,IN,agent,0
394,the,DT,det,0
395,Rhine,NNP,pobj,1
396,Which,WDT,det,0
397,professional,JJ,amod,1
398,surfers,NNS,nsubjpass,0
399,were,VBD,auxpass,0
400,born,VBN,ROOT,1
401,in,IN,prep,0
402,Australia,NNP,pobj,1
403,What,WP,attr,0
404,is,VBZ,ROOT,0
405,the,DT,det,0
406,average,JJ,amod,1
407,temperature,NN,nsubj,1
408,on,IN,prep,0
409,Hawaii,NNP,pobj,1
410,In,IN,prep,0
411,which,WDT,pobj,0
412,UK,NNP,compound,1
413,city,NN,nsubj,1
414,are,VBP,ROOT,0
415,the,DT,det,0
416,headquarters,NN,attr,1
417,of,IN,prep,0
418,the,DT,det,0
419,MI6,NN,pobj,1
420,Which,WDT,det,0
421,other,JJ,amod,0
422,weapons,NNS,nsubj,0
423,did,VBD,aux,0
424,the,DT,det,0
425,designer,NN,nsubj,1
426,of,IN,prep,0
427,the,DT,det,0
428,Uzi,NNP,pobj,1
429,develop,VB,ROOT,1
430,Who,WP,nsubj,0
431,created,VBD,ROOT,1
432,Goofy,NNP,dobj,1
433,Was,VBD,ROOT,0
434,the,DT,det,0
435,Cuban,NNP,compound,1
436,Missile,NNP,compound,1
437,Crisis,NNP,nsubj,1
438,earlier,RBR,advmod,1
439,than,IN,prep,0
440,the,DT,det,0
441,Bay,NNP,pobj,1
442,of,IN,prep,1
443,Pigs,NNP,compound,1
444,Invasion,NNP,pobj,1
445,Give,VB,ROOT,0
446,me,PRP,dative,0
447,all,DT,det,0
448,islands,NNS,dobj,1
449,that,WDT,nsubj,0
450,belong,VBP,relcl,0
451,to,IN,prep,0
452,Japan,NNP,pobj,1
453,Who,WP,nsubj,0
454,invented,VBD,ROOT,0
455,the,DT,det,0
456,zipper,NN,dobj,1
457,What,WP,attr,0
458,is,VBZ,ROOT,1
459,the,DT,det,0
460,ruling,VBG,amod,1
461,party,NN,nsubj,1
462,in,IN,prep,1
463,Lisbon,NNP,pobj,1
464,What,WP,attr,0
465,are,VBP,ROOT,0
466,the,DT,det,0
467,nicknames,NNS,nsubj,0
468,of,IN,prep,0
469,San,NNP,compound,1
470,Francisco,NNP,pobj,1
471,Which,WDT,dobj,0
472,Greek,NNP,nsubj,1
473,goddesses,VBZ,nsubj,0
474,dwelt,NN,ROOT,0
475,on,IN,prep,0
476,Mount,NNP,compound,1
477,Olympus,NNP,pobj,0
478,When,WRB,advmod,0
479,were,VBD,auxpass,0
480,the,DT,det,0
481,Hells,NNP,compound,1
482,Angels,NNPS,nsubj,1
483,founded,VBN,ROOT,1
484,Give,VB,ROOT,0
485,me,PRP,dative,0
486,all,DT,det,0
487,Apollo,NNP,dobj,1
488,14,CD,nummod,1
489,astronauts,NNS,npadvmod,0
490,What,WP,attr,0
491,is,VBZ,ROOT,0
492,the,DT,det,0
493,time,NN,compound,1
494,zone,NN,nsubj,1
495,of,IN,prep,0
496,Salt,NNP,compound,1
497,Lake,NNP,compound,1
498,City,NNP,pobj,1
499,Which,WDT,det,0
500,U.S,NNP,compound,1
501,states,NNS,nsubj,0
502,are,VBP,ROOT,0
503,in,IN,prep,0
504,the,DT,det,0
505,same,JJ,amod,1
506,time,NN,compound,1
507,zone,NN,pobj,1
508,as,IN,prep,0
509,Utah,NNP,pobj,1
510,Give,VB,ROOT,0
511,me,PRP,dative,0
512,the,DT,det,0
513,capitals,NNS,dobj,0
514,of,IN,prep,0
515,all,DT,det,0
516,countries,NNS,pobj,0
517,in,IN,prep,0
518,Africa,NNP,pobj,1
519,Give,VB,ROOT,0
520,me,PRP,dative,0
521,list,NN,dobj,0
522,of,IN,prep,0
523,all,DT,det,0
524,lakes,NNS,pobj,0
525,in,IN,prep,0
526,Denmark,NNP,pobj,1
527,How,WRB,advmod,0
528,many,JJ,amod,1
529,missions,NNS,dobj,0
530,does,VBZ,aux,0
531,the,DT,det,0
532,Soyuz,NNP,compound,1
533,programme,NN,nsubj,1
534,have,VB,ROOT,0
535,Did,VBD,aux,0
536,Socrates,NNP,nsubj,1
537,influence,VB,ROOT,1
538,Aristotle,NNP,dobj,1
539,Give,VB,ROOT,0
540,me,PRP,dative,0
541,all,DT,det,0
542,Danish,JJ,amod,0
543,movies,NNS,dobj,0
544,Give,VB,ROOT,0
545,me,PRP,dative,0
546,all,DT,det,0
547,launch,NN,compound,1
548,pads,NNS,dobj,0
549,operated,VBN,acl,0
550,by,IN,agent,0
551,NASA,NNP,pobj,1
552,Which,WDT,det,0
553,instruments,NNS,dobj,0
554,does,VBZ,aux,0
555,Cat,NNP,compound,1
556,Stevens,NNP,nsubj,1
557,play,VB,ROOT,0
558,Which,WDT,det,0
559,ships,NNS,nsubjpass,0
560,were,VBD,auxpass,0
561,called,VBN,ROOT,1
562,after,IN,prep,1
563,Benjamin,NNP,compound,1
564,Franklin,NNP,pobj,1
565,Who,WP,attr,0
566,are,VBP,ROOT,1
567,the,DT,det,0
568,parents,NNS,nsubj,1
569,of,IN,prep,0
570,the,DT,det,0
571,wife,NN,pobj,1
572,of,IN,prep,0
573,Juan,NNP,compound,1
574,Carlos,NNP,pobj,1
575,How,WRB,advmod,0
576,many,JJ,amod,0
577,employees,NNS,dobj,1
578,does,VBZ,aux,0
579,Google,NNP,nsubj,1
580,have,VB,ROOT,0
581,Did,VBD,aux,0
582,Tesla,NNP,nsubj,1
583,win,VB,ROOT,0
584,nobel,NN,compound,1
585,prize,NN,dobj,1
586,in,IN,prep,0
587,physics,NN,pobj,1
588,Give,VB,ROOT,0
589,me,PRP,dative,0
590,all,DT,det,0
591,cities,NNS,dobj,0
592,in,IN,prep,1
593,New,NNP,compound,1
594,Jersey,NNP,pobj,1
595,with,IN,prep,0
596,more,JJR,amod,1
597,than,IN,quantmod,1
598,100000,CD,nummod,1
599,inhabitants,NNS,pobj,1
600,Is,VBZ,ROOT,0
601,Rita,NNP,compound,1
602,Wilson,NNP,nsubj,1
603,the,DT,det,0
604,wife,NN,attr,1
605,of,IN,prep,0
606,Tom,NNP,compound,1
607,Hanks,NNP,pobj,1
608,When,WRB,advmod,0
609,was,VBD,auxpass,0
610,the,DT,det,0
611,Statue,NNP,nsubj,1
612,of,IN,prep,1
613,Liberty,NNP,pobj,1
614,built,VBD,ROOT,1
615,In,IN,prep,0
616,which,WDT,pobj,0
617,U.S,NNP,compound,1
618,state,NN,nsubj,1
619,is,VBZ,ROOT,0
620,Fort,NNP,compound,1
621,Knox,NNP,attr,1
622,located,VBN,acl,1
623,How,WRB,advmod,0
624,many,JJ,amod,0
625,children,NNS,dobj,0
626,did,VBD,aux,0
627,Benjamin,NNP,compound,1
628,Franklin,NNP,nsubj,1
629,have,VB,ROOT,0
630,When,WRB,advmod,0
631,did,VBD,aux,0
632,Michael,NNP,compound,1
633,Jackson,NNP,nsubj,1
634,die,VB,ROOT,1
635,Which,WDT,compound,0
636,Chess,NNP,compound,0
637,players,NNS,nsubj,1
638,died,VBD,ROOT,0
639,in,IN,prep,0
640,the,DT,det,0
641,same,JJ,amod,1
642,place,NN,pobj,1
643,they,PRP,nsubjpass,0
644,were,VBD,auxpass,0
645,born,VBN,relcl,1
646,in,IN,prep,0
647,List,VB,ROOT,0
648,the,DT,det,0
649,children,NNS,dobj,0
650,of,IN,prep,0
651,Margaret,NNP,compound,1
652,Thatcher,NNP,pobj,1
653,Who,WP,nsubjpass,0
654,was,VBD,auxpass,0
655,called,VBN,ROOT,1
656,Frank,NNP,oprd,1
657,The,DT,det,1
658,Tank,NNP,ROOT,1
659,Was,VBD,ROOT,0
660,Margaret,NNP,compound,1
661,Thatcher,NNP,nsubj,1
662,chemist,NN,attr,1
663,Was,VBD,ROOT,0
664,Marc,NNP,compound,1
665,Chagall,NNP,nsubj,1
666,jew,NN,npadvmod,1
667,Which,WDT,det,0
668,museum,NN,nsubj,1
669,exhibits,VBZ,ROOT,0
670,The,DT,det,0
671,Scream,NNP,ROOT,1
672,by,IN,prep,0
673,Munch,NNP,pobj,1
674,Give,VB,ROOT,0
675,me,PRP,dative,0
676,all,DT,det,0
677,books,NNS,dobj,0
678,by,IN,prep,0
679,William,NNP,compound,1
680,Goldman,NNP,pobj,1
681,with,IN,prep,0
682,more,JJR,amod,1
683,than,IN,quantmod,1
684,300,CD,nummod,1
685,pages,NNS,pobj,1
686,Which,WDT,det,0
687,books,NNS,nsubjpass,0
688,by,IN,prep,0
689,Kerouac,NNP,pobj,1
690,were,VBD,auxpass,0
691,published,VBN,ROOT,0
692,by,IN,agent,0
693,Viking,NNP,compound,1
694,Press,NNP,pobj,1
695,Give,VB,ROOT,0
696,me,PRP,dative,1
697,list,NN,dobj,0
698,of,IN,prep,0
699,all,DT,det,0
700,American,JJ,amod,1
701,inventions,NNS,pobj,0
702,How,WRB,advmod,0
703,high,JJ,acomp,1
704,is,VBZ,ROOT,0
705,the,DT,det,0
706,Mount,NNP,compound,1
707,Everest,NNP,nsubj,1
708,Who,WP,nsubj,0
709,created,VBD,ROOT,0
710,the,DT,det,0
711,comic,JJ,amod,1
712,Captain,NNP,compound,1
713,America,NNP,dobj,1
714,How,WRB,advmod,0
715,many,JJ,amod,0
716,people,NNS,nsubj,1
717,live,VBP,ROOT,1
718,in,IN,prep,0
719,the,DT,det,0
720,capital,NN,pobj,1
721,of,IN,prep,0
722,Australia,NNP,pobj,1
723,What,WP,attr,0
724,is,VBZ,ROOT,0
725,the,DT,det,0
726,largest,JJS,amod,1
727,city,NN,nsubj,1
728,in,IN,prep,0
729,Australia,NNP,pobj,1
730,Who,WP,nsubj,0
731,composed,VBD,ROOT,0
732,the,DT,det,0
733,music,NN,dobj,1
734,for,IN,prep,0
735,Harold,NNP,pobj,1
736,and,CC,cc,1
737,Maude,NNP,conj,1
738,Which,WDT,det,0
739,films,NNS,nsubj,0
740,starring,VBG,acl,1
741,Clint,NNP,compound,1
742,Eastwood,NNP,dobj,1
743,did,VBD,aux,0
744,he,PRP,nsubj,0
745,direct,VB,ROOT,1
746,himself,PRP,dobj,0
747,In,IN,prep,0
748,which,WDT,pobj,0
749,city,NN,nsubj,1
750,was,VBD,ROOT,0
751,the,DT,det,0
752,former,JJ,amod,0
753,Dutch,JJ,amod,1
754,queen,NN,attr,1
755,Juliana,NNP,nsubj,1
756,buried,VBN,relcl,0
757,Is,VBZ,ROOT,0
758,Egypts,NNS,nsubj,0
759,largest,JJS,amod,1
760,city,NN,attr,1
761,also,RB,advmod,0
762,its,PRP$,poss,0
763,capital,NN,attr,1
764,Where,WRB,advmod,0
765,is,VBZ,ROOT,1
766,the,DT,det,0
767,residence,NN,nsubj,1
768,of,IN,prep,0
769,the,DT,det,0
770,prime,JJ,amod,1
771,minister,NN,pobj,1
772,of,IN,prep,0
773,Spain,NNP,pobj,1
774,Which,WDT,det,0
775,U.S,NNP,compound,1
776,state,NN,nsubj,1
777,has,VBZ,ROOT,0
778,the,DT,det,0
779,abbreviation,NN,compound,1
780,MN,NNP,dobj,1
781,Show,VB,ROOT,0
782,me,PRP,dative,0
783,all,DT,det,0
784,songs,NNS,nsubj,0
785,from,IN,prep,0
786,Bruce,NNP,compound,1
787,Springsteen,NNP,pobj,1
788,released,VBD,ccomp,0
789,between,IN,prep,1
790,1980,CD,pobj,1
791,and,CC,cc,1
792,1990,CD,conj,1
793,Which,WDT,det,0
794,movies,NNS,nsubj,0
795,did,VBD,ROOT,0
796,Kurosawa,NNP,amod,1
797,direct,VB,ccomp,1
798,What,WP,attr,0
799,is,VBZ,ROOT,0
800,the,DT,det,0
801,founding,JJ,amod,1
802,year,NN,nsubj,1
803,of,IN,prep,0
804,the,DT,det,0
805,brewery,NN,pobj,1
806,that,WDT,nsubj,0
807,produces,VBZ,relcl,0
808,Pilsner,NNP,compound,1
809,Urquell,NNP,dobj,1
810,Who,WP,nsubj,0
811,wrote,VBD,ROOT,0
812,the,DT,det,1
813,lyrics,NNS,dobj,1
814,for,IN,prep,0
815,the,DT,det,1
816,Polish,JJ,amod,0
817,national,JJ,amod,1
818,anthem,NN,pobj,1
819,Give,VB,ROOT,0
820,me,PRP,dative,0
821,all,DT,det,0
822,sides,NNS,dobj,1
823,of,IN,prep,0
824,the,DT,det,0
825,Ramones,NNPS,pobj,1
826,Who,WP,nsubj,0
827,painted,VBD,ROOT,0
828,The,DT,det,1
829,Storm,NN,dobj,1
830,on,IN,prep,1
831,the,DT,det,1
832,Sea,NNP,pobj,1
833,of,IN,prep,1
834,Galilee,NNP,pobj,1
835,Which,WDT,det,0
836,country,NN,nsubj,1
837,does,VBZ,aux,0
838,the,DT,det,0
839,creator,NN,nsubj,1
840,of,IN,prep,0
841,Miffy,NNP,pobj,1
842,come,VBP,ROOT,0
843,from,IN,prep,0
844,For,IN,prep,0
845,which,WDT,det,0
846,label,NN,pcomp,1
847,did,VBD,aux,0
848,Elvis,NNP,nsubj,1
849,record,VB,ROOT,0
850,his,PRP$,poss,0
851,first,JJ,amod,1
852,album,NN,dobj,1
853,Give,VB,ROOT,0
854,me,PRP,dative,1
855,the,DT,det,0
856,birthdays,NNS,dobj,0
857,of,IN,prep,0
858,all,DT,det,0
859,actors,NNS,pobj,0
860,of,IN,prep,0
861,the,DT,det,0
862,television,NN,compound,1
863,show,NN,pobj,1
864,Charmed,VBN,appos,1
865,How,WRB,advmod,0
866,many,JJ,amod,0
867,employees,NNS,dobj,0
868,does,VBZ,aux,0
869,IBM,NNP,nsubj,0
870,have,VB,ROOT,0
871,Which,WDT,nsubj,0
872,states,VBZ,ROOT,0
873,border,NN,compound,1
874,Illinois,NNP,dobj,1
875,In,IN,prep,0
876,which,WDT,det,0
877,country,NN,nsubj,1
878,is,VBZ,ROOT,0
879,the,DT,det,0
880,Limerick,NNP,compound,1
881,Lake,NNP,attr,1
882,Which,WDT,det,0
883,television,NN,compound,1
884,shows,NNS,nsubjpass,0
885,were,VBD,auxpass,0
886,created,VBN,ROOT,0
887,by,IN,agent,0
888,John,NNP,compound,1
889,Cleese,NNP,pobj,1
890,Which,WDT,det,0
891,mountain,NN,nsubj,1
892,is,VBZ,ROOT,0
893,the,DT,det,0
894,highest,JJS,attr,1
895,after,IN,prep,1
896,the,DT,det,0
897,Annapurna,NNP,pobj,1
898,In,IN,prep,0
899,which,WDT,pobj,0
900,films,NNS,nsubj,0
901,directed,VBN,acl,1
902,by,IN,agent,0
903,Garry,NNP,compound,1
904,Marshall,NNP,pobj,1
905,was,VBD,ROOT,0
906,Julia,NNP,compound,1
907,Roberts,NNP,nsubj,1
908,starring,VBG,ccomp,1
909,Which,WDT,det,0
910,bridges,NNS,nsubj,0
911,are,VBP,ROOT,0
912,of,IN,prep,0
913,the,DT,det,0
914,same,JJ,amod,1
915,type,NN,pobj,1
916,as,IN,prep,0
917,the,DT,det,0
918,Manhattan,NNP,compound,1
919,Bridge,NNP,pobj,1
920,Was,VBD,ROOT,0
921,U.S,NNP,compound,1
922,president,NN,compound,1
923,Jackson,NNP,nsubj,1
924,involved,VBN,acomp,0
925,in,IN,prep,0
926,war,NN,pobj,1
927,Give,VB,ROOT,0
928,me,PRP,dative,0
929,all,DT,det,0
930,communist,JJ,amod,1
931,countries,NNS,dobj,1
932,Which,WDT,det,0
933,awards,NNS,dobj,0
934,did,VBD,aux,0
935,Douglas,NNP,compound,1
936,Hofstadter,NNP,nsubj,1
937,win,VB,ROOT,0
938,Who,WP,attr,0
939,is,VBZ,ROOT,0
940,the,DT,det,0
941,daughter,NN,attr,1
942,of,IN,prep,0
943,Robert,NNP,compound,1
944,Kennedy,NNP,pobj,1
945,married,VBD,acomp,1
946,to,IN,prep,0
947,Which,WDT,det,0
948,U.S,NNP,compound,0
949,state,NN,nsubj,1
950,has,VBZ,ROOT,0
951,the,DT,det,0
952,highest,JJS,amod,1
953,population,NN,compound,1
954,density,NN,dobj,1
955,What,WP,attr,0
956,is,VBZ,ROOT,0
957,the,DT,det,0
958,currency,NN,nsubj,1
959,of,IN,prep,0
960,the,DT,det,0
961,Czech,NNP,compound,1
962,Republic,NNP,pobj,0
963,Which,WDT,det,0
964,countries,NNS,nsubj,0
965,adopted,VBD,ROOT,0
966,the,DT,det,0
967,Euro,NNP,dobj,1
968,What,WP,attr,0
969,is,VBZ,ROOT,0
970,the,DT,det,0
971,area,NN,compound,1
972,code,NN,nsubj,1
973,of,IN,prep,0
974,Berlin,NNP,pobj,1
975,Which,WDT,det,0
976,countries,NNS,nsubj,0
977,have,VBP,ROOT,0
978,more,JJR,amod,1
979,than,IN,quantmod,1
980,two,CD,nummod,1
981,official,JJ,amod,1
982,languages,NNS,dobj,0
983,Who,WP,attr,0
984,is,VBZ,ROOT,0
985,the,DT,det,0
986,owner,NN,nsubj,1
987,of,IN,prep,0
988,Rolls,NNP,compound,1
989,Royce,NNP,pobj,1
990,Through,IN,prep,0
991,which,WDT,det,0
992,countries,NNS,nsubj,0
993,does,VBZ,ROOT,0
994,the,DT,det,0
995,Yenisei,NNP,compound,1
996,river,NN,compound,1
997,flow,NN,dobj,1
998,When,WRB,advmod,0
999,did,VBD,aux,0
1000,Latvia,NNP,nsubj,1
1001,join,VB,ROOT,1
1002,the,DT,det,0
1003,EU,NNP,dobj,1
1004,Which,WDT,det,0
1005,monarchs,NNS,nsubjpass,0
1006,were,VBD,auxpass,0
1007,married,VBN,ROOT,1
1008,to,IN,prep,0
1009,German,NN,pobj,1
1010,When,WRB,advmod,0
1011,was,VBD,ROOT,0
1012,the,DT,det,0
1013,Battle,NNP,nsubj,1
1014,of,IN,prep,1
1015,Gettysburg,NNP,pobj,1
1016,Which,WDT,det,0
1017,river,NN,nsubj,1
1018,does,VBZ,ROOT,0
1019,the,DT,det,0
1020,Brooklyn,NNP,compound,1
1021,Bridge,NNP,nsubj,1
1022,cross,VB,dobj,1
1023,What,WP,attr,0
1024,is,VBZ,ROOT,0
1025,the,DT,det,0
1026,highest,JJS,amod,1
1027,mountain,NN,nsubj,1
1028,in,IN,prep,1
1029,Australia,NNP,pobj,1
1030,Give,VB,ROOT,0
1031,me,PRP,dative,0
1032,all,DT,det,0
1033,soccer,NN,compound,1
1034,clubs,NNS,dobj,0
1035,in,IN,prep,1
1036,Spain,NNP,pobj,1
1037,What,WP,attr,0
1038,is,VBZ,ROOT,0
1039,the,DT,det,0
1040,official,JJ,amod,1
1041,language,NN,nsubj,1
1042,of,IN,prep,1
1043,Suriname,NNP,pobj,1
1044,Who,WP,attr,0
1045,is,VBZ,ROOT,0
1046,the,DT,det,0
1047,mayor,NN,attr,1
1048,of,IN,prep,0
1049,Tel,NNP,compound,1
1050,Aviv,NNP,pobj,1
1051,Who,WP,nsubj,0
1052,designed,VBD,ROOT,0
1053,the,DT,det,0
1054,Brooklyn,NNP,compound,1
1055,Bridge,NNP,dobj,1
1056,Which,WDT,det,0
1057,telecommunications,NN,compound,1
1058,organizations,NNS,nsubjpass,0
1059,are,VBP,auxpass,0
1060,located,VBN,ROOT,1
1061,in,IN,prep,0
1062,Belgium,NNP,pobj,1
1063,Is,VBZ,ROOT,0
1064,Frank,NNP,compound,1
1065,Herbert,NNP,nsubj,1
1066,still,RB,advmod,0
1067,alive,JJ,acomp,1
1068,What,WP,attr,0
1069,is,VBZ,ROOT,0
1070,the,DT,det,0
1071,highest,JJS,amod,1
1072,place,NN,nsubj,1
1073,of,IN,prep,0
1074,the,DT,det,0
1075,Urals,NNS,pobj,1
1076,Who,WP,attr,0
1077,is,VBZ,ROOT,0
1078,the,DT,det,0
1079,editor,NN,nsubj,1
1080,of,IN,prep,0
1081,Forbes,NNP,pobj,1
1082,Give,VB,ROOT,0
1083,me,PRP,dative,0
1084,all,DT,det,0
1085,companies,NNS,dobj,0
1086,in,IN,prep,1
1087,the,DT,det,0
1088,advertising,NN,compound,1
1089,industry,NN,pobj,1
1090,How,WRB,advmod,0
1091,many,JJ,amod,0
1092,countries,NNS,nsubj,1
1093,are,VBP,ROOT,0
1094,there,RB,advmod,0
1095,in,IN,prep,0
1096,Europe,NNP,pobj,1
1097,What,WP,pobj,0
1098,did,VBD,aux,0
1099,Bruce,NNP,compound,1
1100,Carver,NNP,nsubj,1
1101,die,VB,ROOT,1
1102,from,IN,prep,0
1103,Give,VB,ROOT,0
1104,me,PRP,dative,0
1105,all,DT,det,0
1106,libraries,NNS,dobj,1
1107,established,VBN,acl,1
1108,earlier,RBR,advmod,1
1109,than,IN,prep,1
1110,1400,CD,pobj,1
1111,Which,WDT,det,0
1112,presidents,NNS,nsubjpass,0
1113,were,VBD,auxpass,0
1114,born,VBN,ROOT,1
1115,in,IN,prep,0
1116,1945,CD,pobj,1
1117,Give,VB,ROOT,0
1118,me,PRP,dative,0
1119,all,DT,det,0
1120,federal,JJ,amod,1
1121,chancellors,NNS,dobj,1
1122,of,IN,prep,0
1123,Germany,NNP,pobj,1
1124,Who,WP,attr,0
1125,was,VBD,ROOT,0
1126,the,DT,det,0
1127,wife,NN,nsubj,1
1128,of,IN,prep,0
1129,U.S,NNP,compound,1
1130,president,NN,compound,1
1131,Lincoln,NNP,pobj,1
1132,Who,WP,nsubj,0
1133,developed,VBD,ROOT,0
1134,the,DT,det,0
1135,video,NN,compound,1
1136,game,NN,compound,1
1137,World,NNP,dobj,1
1138,of,IN,prep,1
1139,Warcraft,NNP,pobj,1
1140,What,WP,attr,0
1141,is,VBZ,ROOT,1
1142,the,DT,det,0
1143,official,JJ,amod,1
1144,website,NN,nsubj,1
1145,of,IN,prep,1
1146,Tom,NNP,compound,1
1147,Cruise,NNP,pobj,1
1148,List,VB,nsubj,0
1149,all,DT,det,0
1150,episodes,NNS,ROOT,0
1151,of,IN,prep,0
1152,the,DT,det,0
1153,first,JJ,amod,1
1154,season,NN,pobj,1
1155,of,IN,prep,0
1156,the,DT,det,0
1157,HBO,NNP,compound,1
1158,television,NN,compound,1
1159,series,NN,pobj,1
1160,The,DT,det,0
1161,Sopranos,NNP,appos,1
1162,Who,WP,nsubj,0
1163,produced,VBD,ROOT,1
1164,the,DT,det,0
1165,most,JJS,amod,1
1166,films,NNS,dobj,0
1167,Give,VB,ROOT,0
1168,me,PRP,dative,1
1169,all,DT,det,0
1170,people,NNS,dobj,0
1171,with,IN,prep,0
1172,first,JJ,amod,1
1173,name,NN,pobj,1
1174,Jimmy,NNP,appos,1
1175,In,IN,prep,0
1176,which,WDT,pobj,0
1177,city,NN,nsubj,1
1178,did,VBD,aux,0
1179,John,NNP,compound,1
1180,Kennedy,NNP,nsubj,1
1181,die,VB,ROOT,1
1182,Is,VBZ,ROOT,0
1183,there,EX,expl,0
1184,video,NN,compound,1
1185,game,NN,attr,1
1186,called,VBN,acl,0
1187,Battle,NNP,compound,1
1188,Chess,NNP,oprd,1
1189,Which,WDT,det,0
1190,mountains,NNS,nsubj,0
1191,are,VBP,ROOT,0
1192,higher,JJR,acomp,1
1193,than,IN,prep,0
1194,the,DT,det,0
1195,Nanga,NNP,compound,1
1196,Parbat,NNP,pobj,1
1197,Who,WP,nsubj,0
1198,created,VBD,ROOT,1
1199,Wikipedia,NNP,dobj,1
1200,Give,VB,ROOT,0
1201,me,PRP,dative,0
1202,all,DT,det,0
1203,actors,NNS,dobj,0
1204,starring,VBG,acl,1
1205,in,IN,prep,1
1206,Last,JJ,amod,1
1207,Action,NNP,compound,1
1208,Hero,NNP,pobj,1
1209,Which,WDT,det,0
1210,software,NN,nsubjpass,1
1211,has,VBZ,aux,0
1212,been,VBN,auxpass,0
1213,developed,VBN,ROOT,0
1214,by,IN,agent,0
1215,organizations,NNS,pobj,0
1216,founded,VBN,acl,1
1217,in,IN,prep,0
1218,California,NNP,pobj,1
1219,Which,WDT,det,0
1220,companies,NNS,nsubj,0
1221,work,VBP,ROOT,0
1222,in,IN,prep,1
1223,the,DT,det,0
1224,aerospace,NN,compound,1
1225,industry,NN,pobj,1
1226,as,RB,advmod,0
1227,well,RB,advmod,0
1228,as,IN,cc,0
1229,in,IN,prep,1
1230,medicine,NN,pobj,1
1231,Is,VBZ,ROOT,0
1232,Christian,NNP,compound,1
1233,Bale,NNP,nsubj,1
1234,starring,VBG,acl,1
1235,in,IN,prep,1
1236,Velvet,NNP,compound,1
1237,Goldmine,NNP,pobj,1
1238,Give,VB,ROOT,0
1239,me,PRP,dative,0
1240,the,DT,det,0
1241,websites,NNS,dobj,0
1242,of,IN,prep,0
1243,companies,NNS,pobj,0
1244,with,IN,prep,0
1245,more,JJR,amod,1
1246,than,IN,quantmod,1
1247,500000,CD,nummod,1
1248,employees,NNS,pobj,0
1249,Which,WDT,det,0
1250,actors,NNS,nsubjpass,0
1251,were,VBD,auxpass,0
1252,born,VBN,ROOT,1
1253,in,IN,prep,0
1254,Germany,NNP,pobj,1
1255,Which,WDT,nsubj,0
1256,caves,NNS,nsubj,0
1257,have,VBP,ROOT,0
1258,more,JJR,amod,1
1259,than,IN,quantmod,1
1260,entrances,NNS,dobj,0
1261,Was,VBD,aux,0
1262,the,DT,det,0
1263,wife,NN,nsubj,1
1264,of,IN,prep,0
1265,president,NN,compound,1
1266,Lincoln,NNP,pobj,1
1267,called,VBD,ROOT,1
1268,Mary,NNP,dobj,1
1269,Give,VB,ROOT,0
1270,me,PRP,dative,0
1271,all,DT,det,0
1272,films,NNS,dobj,0
1273,produced,VBN,acl,0
1274,by,IN,agent,0
1275,Hal,NNP,compound,1
1276,Roach,NNP,pobj,1
1277,Give,VB,ROOT,0
1278,me,PRP,dative,1
1279,all,DT,det,0
1280,video,NN,compound,1
1281,games,NNS,dobj,0
1282,published,VBN,acl,0
1283,by,IN,agent,0
1284,Mean,NNP,compound,1
1285,Hamster,NNP,compound,1
1286,Software,NNP,pobj,1
1287,Which,WDT,det,0
1288,languages,NNS,nsubjpass,0
1289,are,VBP,auxpass,0
1290,spoken,VBN,ROOT,1
1291,in,IN,prep,0
1292,Estonia,NNP,pobj,1
1293,How,WRB,advmod,0
1294,many,JJ,amod,0
1295,Aldi,NNP,compound,1
1296,stores,NNS,nsubj,0
1297,are,VBP,ROOT,0
1298,there,RB,advmod,0
1299,Which,WDT,det,0
1300,capitals,NNS,nsubj,0
1301,in,IN,prep,0
1302,Europe,NNP,pobj,1
1303,were,VBD,ROOT,0
1304,host,NN,compound,1
1305,cities,NNS,attr,0
1306,of,IN,prep,0
1307,the,DT,det,0
1308,summer,NN,nmod,1
1309,olympic,JJ,amod,1
1310,games,NNS,pobj,1
1311,Who,WP,attr,0
1312,was,VBD,ROOT,0
1313,the,DT,det,0
1314,16th,JJ,amod,1
1315,president,NN,attr,1
1316,of,IN,prep,0
1317,the,DT,det,0
1318,United,NNP,compound,1
1319,States,NNP,pobj,1
1320,How,WRB,advmod,0
1321,many,JJ,amod,0
1322,films,NNS,dobj,0
1323,did,VBD,aux,0
1324,Hal,NNP,compound,1
1325,Roach,NNP,compound,1
1326,produce,VB,ROOT,1
1327,Which,WDT,det,0
1328,music,NN,compound,1
1329,albums,NNS,nsubj,0
1330,contain,VBP,ROOT,0
1331,the,DT,det,0
1332,song,NN,dobj,1
1333,Last,JJ,amod,1
1334,Christmas,NNP,npadvmod,1
1335,Give,VB,ROOT,0
1336,me,PRP,dative,0
1337,all,DT,det,0
1338,books,NNS,dobj,0
1339,written,VBN,acl,1
1340,by,IN,agent,0
1341,Danielle,NNP,compound,1
1342,Steel,NNP,pobj,1
1343,Which,WDT,det,0
1344,airports,NNS,nsubjpass,0
1345,are,VBP,auxpass,0
1346,located,VBN,ROOT,1
1347,in,IN,prep,0
1348,California,NNP,pobj,1
1349,USA,NNP,appos,1
1350,Which,WDT,det,0
1351,states,NNS,nsubjpass,0
1352,of,IN,prep,0
1353,Germany,NNP,pobj,1
1354,are,VBP,auxpass,0
1355,governed,VBN,ROOT,0
1356,by,IN,agent,0
1357,the,DT,det,0
1358,Social,NNP,compound,1
1359,Democratic,NNP,compound,1
1360,Party,NNP,pobj,1
1361,Give,VB,ROOT,0
1362,me,PRP,dative,0
1363,all,DT,det,0
1364,Canadian,JJ,amod,1
1365,Grunge,NNP,compound,1
1366,record,NN,compound,1
1367,labels,NNS,dobj,0
1368,Which,WDT,det,0
1369,country,NN,nsubj,1
1370,has,VBZ,ROOT,0
1371,the,DT,det,0
1372,most,RBS,advmod,1
1373,official,JJ,amod,1
1374,languages,NNS,dobj,0
1375,In,IN,prep,0
1376,which,WDT,pobj,0
1377,programming,NN,compound,1
1378,language,NN,nsubj,1
1379,is,VBZ,auxpass,0
1380,GIMP,NNP,nsubj,1
1381,written,VBN,ROOT,0
1382,Who,WP,nsubj,0
1383,produced,VBD,ROOT,0
1384,films,NNS,dobj,0
1385,starring,VBG,acl,1
1386,Natalie,NNP,compound,1
1387,Portman,NNP,dobj,1
1388,Give,VB,ROOT,0
1389,me,PRP,dative,0
1390,all,DT,det,0
1391,movies,NNS,dobj,0
1392,with,IN,prep,0
1393,Tom,NNP,compound,1
1394,Cruise,NNP,pobj,1
1395,In,IN,prep,0
1396,which,WDT,pobj,0
1397,films,NNS,nsubj,0
1398,did,VBD,aux,0
1399,Julia,NNP,compound,1
1400,Roberts,NNP,nsubj,1
1401,as,RB,advmod,0
1402,well,RB,advmod,0
1403,as,IN,cc,0
1404,Richard,NNP,compound,1
1405,Gere,NNP,nsubj,1
1406,play,VB,ROOT,1
1407,Give,VB,ROOT,0
1408,me,PRP,dative,1
1409,all,DT,det,0
1410,female,JJ,dobj,1
1411,given,VBN,prep,1
1412,names,NNS,pobj,0
1413,Who,WP,nsubj,0
1414,wrote,VBD,ROOT,1
1415,the,DT,det,1
1416,book,NN,dobj,1
1417,The,DT,det,1
1418,Pillars,NNPS,appos,0
1419,of,IN,prep,1
1420,the,DT,det,1
1421,Earth,NNP,pobj,1
1422,How,WRB,advmod,0
1423,many,JJ,amod,0
1424,films,NNS,nsubj,0
1425,did,VBD,aux,0
1426,Leonardo,NNP,compound,1
1427,DiCaprio,NNP,compound,1
1428,star,NN,ROOT,1
1429,in,RB,prep,0
1430,Give,VB,ROOT,0
1431,me,PRP,dative,0
1432,all,DT,det,0
1433,soccer,NN,compound,1
1434,clubs,NNS,dobj,0
1435,in,IN,prep,0
1436,the,DT,det,0
1437,Premier,NNP,compound,1
1438,League,NNP,pobj,1
1439,In,IN,prep,0
1440,which,WDT,pobj,0
1441,U.S,NNP,compound,1
1442,state,NN,nsubj,1
1443,is,VBZ,ROOT,0
1444,Mount,NNP,compound,1
1445,McKinley,NNP,attr,1
1446,located,VBN,acl,1
1447,When,WRB,advmod,0
1448,was,VBD,auxpass,0
1449,Capcom,NNP,nsubj,1
1450,founded,VBN,ROOT,1
1451,Which,WDT,det,0
1452,organizations,NNS,nsubjpass,0
1453,were,VBD,auxpass,0
1454,founded,VBN,ROOT,1
1455,in,IN,prep,0
1456,1930,CD,pobj,1
1457,What,WP,attr,0
1458,is,VBZ,ROOT,0
1459,the,DT,det,0
1460,highest,JJS,amod,1
1461,mountain,NN,nsubj,1
1462,Was,VBD,ROOT,0
1463,Natalie,NNP,compound,1
1464,Portman,NNP,nsubj,1
1465,born,VBN,acl,1
1466,in,IN,prep,0
1467,the,DT,det,0
1468,United,NNP,compound,1
1469,States,NNP,pobj,1
1470,Which,WDT,det,0
1471,budget,NN,nsubj,1
1472,did,VBD,aux,0
1473,the,DT,det,0
1474,first,JJ,amod,1
1475,movie,NN,nsubj,1
1476,of,IN,prep,0
1477,Zdenek,NNP,compound,1
1478,Sverak,NNP,pobj,1
1479,have,VBP,ROOT,0
1480,How,WRB,advmod,0
1481,many,JJ,amod,0
1482,big,JJ,amod,0
1483,fires,NNS,nsubj,0
1484,struck,VBD,ROOT,0
1485,Paris,NNP,dobj,1
1486,during,IN,prep,0
1487,the,DT,det,0
1488,Middle,NNP,compound,0
1489,Ages,NNPS,pobj,0
1490,Is,VBZ,ROOT,0
1491,Pamela,NNP,compound,1
1492,Anderson,NNP,nsubj,1
1493,vegan,NN,attr,1
1494,How,WRB,advmod,0
1495,often,RB,advmod,0
1496,was,VBD,auxpass,0
1497,Michael,NNP,compound,1
1498,Jordan,NNP,nsubj,1
1499,divorced,VBD,ROOT,1
1500,What,WP,attr,0
1501,is,VBZ,ROOT,0
1502,the,DT,det,0
1503,most,RBS,advmod,1
1504,beautiful,JJ,amod,1
1505,painting,NN,nsubj,1
1506,Give,VB,ROOT,0
1507,me,PRP,dative,0
1508,all,DT,det,0
1509,animal,NN,compound,1
1510,species,NNS,dobj,1
1511,that,WDT,nsubj,0
1512,live,VBP,relcl,0
1513,in,IN,prep,1
1514,the,DT,det,0
1515,Amazon,NNP,compound,1
1516,rainforest,NN,pobj,1
1517,How,WRB,advmod,0
1518,many,JJ,amod,0
1519,inhabitants,NNS,nsubj,1
1520,does,VBZ,aux,0
1521,the,DT,det,0
1522,largest,JJS,amod,1
1523,city,NN,nsubj,1
1524,in,IN,prep,1
1525,Canada,NNP,pobj,1
1526,have,VBP,ROOT,0
1527,In,IN,prep,0
1528,which,WDT,det,0
1529,studio,NN,pcomp,1
1530,did,VBD,aux,0
1531,the,DT,det,0
1532,Beatles,NNP,nsubj,1
1533,record,VB,ROOT,1
1534,their,PRP$,poss,0
1535,first,JJ,amod,1
1536,album,NN,dobj,1
1537,Who,WP,attr,0
1538,was,VBD,ROOT,0
1539,the,DT,det,0
1540,first,JJ,attr,1
1541,to,TO,aux,0
1542,climb,VB,relcl,1
1543,Mount,NNP,compound,0
1544,Everest,NNP,dobj,1
1545,How,WRB,advmod,0
1546,many,JJ,amod,1
1547,programming,NN,compound,1
1548,languages,NNS,nsubj,1
1549,are,VBP,ROOT,0
1550,there,RB,advmod,0
1551,What,WP,attr,0
1552,is,VBZ,ROOT,0
1553,the,DT,det,0
1554,official,JJ,amod,1
1555,color,NN,nsubj,1
1556,of,IN,prep,1
1557,the,DT,det,0
1558,University,NNP,pobj,1
1559,of,IN,prep,1
1560,Oxford,NNP,pobj,1
1561,How,WRB,advmod,0
1562,many,JJ,amod,0
1563,gold,NN,compound,1
1564,medals,NNS,nsubj,1
1565,did,VBD,ROOT,0
1566,Michael,NNP,compound,1
1567,Phelps,NNP,nsubj,1
1568,win,VB,ccomp,0
1569,at,IN,prep,0
1570,the,DT,det,0
1571,2008,CD,nummod,1
1572,Olympics,NNPS,pobj,0
1573,To,TO,prep,0
1574,which,WDT,det,0
1575,artistic,JJ,amod,1
1576,movement,NN,pcomp,1
1577,did,VBD,ROOT,0
1578,the,DT,det,0
1579,painter,NN,dobj,1
1580,of,IN,prep,0
1581,The,DT,det,1
1582,Three,NNP,compound,1
1583,Dancers,NNPS,pobj,1
1584,belong,VBP,advcl,0
1585,Give,VB,ROOT,0
1586,me,PRP,dative,0
1587,all,DT,det,0
1588,animals,NNS,dobj,0
1589,that,WDT,nsubj,0
1590,are,VBP,relcl,0
1591,extinct,JJ,acomp,1
1592,Does,VBZ,aux,0
1593,Abraham,NNP,compound,1
1594,Lincoln,NNP,poss,1
1595,'s,POS,case,0
1596,death,NN,compound,1
1597,place,NN,nsubj,1
1598,have,VBP,ROOT,0
1599,website,NN,dobj,1
1600,How,WRB,advmod,0
1601,deep,JJ,acomp,0
1602,is,VBZ,ROOT,0
1603,Lake,NNP,compound,1
1604,Placid,NNP,nsubj,1
1605,Give,VB,ROOT,0
1606,me,PRP,dative,0
1607,the,DT,det,0
1608,grandchildren,NNS,dobj,1
1609,of,IN,prep,0
1610,Bruce,NNP,compound,1
1611,Lee,NNP,pobj,1
1612,Who,WP,attr,0
1613,is,VBZ,ROOT,0
1614,the,DT,det,0
1615,youngest,JJS,amod,1
1616,Darts,JJ,compound,1
1617,player,NN,nsubj,1
1618,Where,WRB,advmod,0
1619,was,VBD,auxpass,0
1620,Bach,NNP,nsubjpass,1
1621,born,VBN,ROOT,0
1622,In,IN,prep,0
1623,which,WDT,det,0
1624,countries,NNS,pcomp,1
1625,can,MD,aux,1
1626,you,PRP,nsubj,0
1627,pay,VB,ROOT,1
1628,using,VBG,xcomp,0
1629,the,DT,det,0
1630,West,JJ,amod,1
1631,African,JJ,amod,1
1632,CFA,NNP,compound,1
1633,franc,NN,dobj,1
1634,What,WP,attr,0
1635,are,VBP,ROOT,0
1636,the,DT,det,0
1637,top-10,CD,compound,1
1638,action,NN,compound,1
1639,role,NN,npadvmod,1
1640,playing,VBG,amod,1
1641,video,NN,compound,0
1642,games,NNS,nsubj,1
1643,according,VBG,prep,0
1644,to,IN,prep,1
1645,IGN,NNP,pobj,1
1646,What,WP,attr,0
1647,is,VBZ,ROOT,0
1648,the,DT,det,0
1649,most,RBS,advmod,1
1650,frequent,JJ,amod,1
1651,cause,NN,nsubj,1
1652,of,IN,prep,1
1653,death,NN,pobj,1
1654,Does,VBZ,aux,0
1655,the,DT,det,0
1656,Isar,NNP,nsubj,1
1657,flow,NN,ROOT,1
1658,into,IN,prep,0
1659,lake,NN,pobj,1
1660,Give,VB,ROOT,0
1661,me,PRP,dative,0
1662,all,DT,det,0
1663,films,NNS,dobj,1
1664,produced,VBN,acl,0
1665,by,IN,agent,0
1666,Steven,NNP,compound,1
1667,Spielberg,NNP,pobj,1
1668,with,IN,prep,0
1669,budget,NN,pobj,1
1670,of,IN,prep,0
1671,at,RB,advmod,0
1672,least,RBS,advmod,0
1673,80,CD,compound,1
1674,million,CD,pobj,1
1675,Give,VB,ROOT,0
1676,me,PRP,dative,0
1677,all,DT,det,0
1678,writers,NNS,dobj,0
1679,that,WDT,nsubj,0
1680,won,VBD,relcl,0
1681,the,DT,det,0
1682,Nobel,NNP,compound,1
1683,Prize,NNP,dobj,1
1684,in,IN,prep,1
1685,literature,NN,pobj,1
1686,Give,VB,ROOT,0
1687,me,PRP,dative,0
1688,all,DT,det,0
1689,taikonauts,NNS,dobj,1
1690,How,WRB,advmod,0
1691,many,JJ,amod,1
1692,pages,NNS,nsubj,1
1693,does,VBZ,aux,0
1694,War,NNP,nsubj,1
1695,and,CC,cc,1
1696,Peace,NNP,conj,1
1697,have,VBP,ROOT,0
1698,What,WP,attr,0
1699,is,VBZ,ROOT,0
1700,the,DT,det,0
1701,bridge,NN,nsubj,1
1702,with,IN,prep,0
1703,the,DT,det,0
1704,longest,JJS,amod,1
1705,span,NN,pobj,1
1706,Give,VB,ROOT,0
1707,me,PRP,dative,0
1708,all,DT,det,1
1709,actors,NNS,dobj,1
1710,called,VBD,acl,1
1711,Baldwin,NNP,oprd,1
1712,Who,WP,attr,0
1713,is,VBZ,ROOT,0
1714,the,DT,det,0
1715,tallest,JJS,amod,1
1716,player,NN,attr,1
1717,of,IN,prep,0
1718,the,DT,det,0
1719,Atlanta,NNP,compound,1
1720,Falcons,NNPS,pobj,1
1721,Which,WDT,nsubj,0
1722,rivers,NNS,nsubj,1
1723,flow,VBP,ROOT,1
1724,into,IN,prep,0
1725,German,JJ,amod,1
1726,lake,NN,pobj,1
1727,How,WRB,advmod,0
1728,many,JJ,amod,1
1729,James,NNP,compound,1
1730,Bond,NNP,compound,1
1731,movies,NNS,nsubj,1
1732,are,VBP,ROOT,0
1733,there,RB,advmod,0
1734,Which,WDT,det,0
1735,rockets,NNS,nsubjpass,1
1736,were,VBD,auxpass,0
1737,launched,VBN,ROOT,1
1738,from,IN,prep,0
1739,Baikonur,NNP,pobj,1
1740,Which,WDT,det,0
1741,pope,NN,nsubj,1
1742,succeeded,VBD,ROOT,0
1743,John,NNP,compound,1
1744,Paul,NNP,compound,1
1745,II,NNP,dobj,1
1746,Give,VB,ROOT,0
1747,me,PRP,dative,0
1748,all,DT,det,0
1749,Dutch,JJ,amod,1
1750,parties,NNS,dobj,0
1751,When,WRB,advmod,0
1752,is,VBZ,ROOT,0
1753,Halloween,NNP,nsubj,1
1754,Give,VB,ROOT,0
1755,me,PRP,dative,0
1756,all,DT,det,0
1757,Swedish,JJ,amod,1
1758,oceanographers,NNS,dobj,0
1759,Give,VB,ROOT,0
1760,me,PRP,dative,0
1761,all,DT,det,0
1762,actors,NNS,dobj,1
1763,who,WP,nsubjpass,0
1764,were,VBD,auxpass,0
1765,born,VBN,relcl,1
1766,in,IN,prep,1
1767,Berlin,NNP,pobj,1
1768,What,WP,attr,0
1769,was,VBD,ROOT,0
1770,the,DT,det,0
1771,last,JJ,amod,1
1772,movie,NN,nsubj,1
1773,with,IN,prep,0
1774,Alec,NNP,compound,1
1775,Guinness,NNP,pobj,1
1776,Which,WDT,det,0
1777,poet,NN,nsubj,1
1778,wrote,VBD,ROOT,0
1779,the,DT,det,0
1780,most,JJS,amod,1
1781,books,NNS,dobj,1
1782,How,WRB,advmod,0
1783,many,JJ,amod,0
1784,languages,NNS,nsubjpass,1
1785,are,VBP,auxpass,0
1786,spoken,VBN,ROOT,0
1787,in,IN,prep,0
1788,Colombia,NNP,pobj,1
1789,What,WP,pobj,0
1790,does,VBZ,aux,0
1791,IYCM,NNP,nsubj,1
1792,stand,VB,ROOT,1
1793,for,IN,prep,1
1794,What,WP,attr,0
1795,was,VBD,ROOT,0
1796,Brazil,NNP,poss,1
1797,'s,POS,case,0
1798,lowest,JJS,amod,1
1799,rank,NN,nsubj,1
1800,in,IN,prep,1
1801,the,DT,det,0
1802,FIFA,NNP,compound,1
1803,World,NNP,compound,1
1804,Ranking,VBG,pobj,1
1805,Give,VB,ROOT,0
1806,me,PRP,dative,0
1807,the,DT,det,0
1808,capitals,NNS,dobj,1
1809,of,IN,prep,0
1810,all,DT,det,0
1811,countries,NNS,pobj,1
1812,that,WDT,pobj,0
1813,the,DT,det,0
1814,Himalayas,NNP,nsubj,1
1815,run,VBD,relcl,1
1816,through,RB,prep,1
1817,Which,WDT,det,0
1818,actor,NN,nsubj,1
1819,played,VBD,ROOT,0
1820,Chewbacca,NNP,dobj,1
1821,Which,WDT,det,0
1822,ingredients,NNS,dobj,1
1823,do,VBP,aux,0
1824,need,VB,ROOT,0
1825,for,IN,prep,0
1826,carrot,NN,compound,1
1827,cake,NN,pobj,1
1828,Is,VBZ,ROOT,0
1829,Cola,NNP,nsubj,1
1830,beverage,NN,attr,1
1831,Who,WP,pobj,0
1832,has,VBZ,aux,0
1833,Tom,NNP,compound,1
1834,Cruise,NNP,nsubjpass,1
1835,been,VBD,auxpass,0
1836,married,VBN,ROOT,1
1837,to,IN,prep,0
1838,Which,WDT,nsubj,0
1839,of,IN,prep,0
1840,Tim,NNP,compound,1
1841,Burton,NNP,poss,1
1842,'s,POS,case,0
1843,films,NNS,pobj,0
1844,had,VBD,ROOT,0
1845,the,DT,det,0
1846,highest,JJS,amod,1
1847,budget,NN,dobj,1
1848,How,WRB,advmod,0
1849,heavy,JJ,acomp,1
1850,is,VBZ,ROOT,0
1851,Jupiter,NNP,poss,1
1852,'s,POS,case,0
1853,lightest,JJS,amod,1
1854,moon,NN,nsubj,1
1855,Which,WDT,det,0
1856,actor,NN,nsubjpass,1
1857,was,VBD,auxpass,0
1858,casted,VBN,ROOT,1
1859,in,IN,prep,0
1860,the,DT,det,0
1861,most,JJS,amod,1
1862,movies,NNS,pobj,1
1863,Is,VBZ,ROOT,0
1864,James,NNP,compound,1
1865,Bond,NNP,nsubj,1
1866,married,VBD,acomp,1
1867,Give,VB,ROOT,0
1868,me,PRP,dative,1
1869,all,DT,det,0
1870,Australian,JJ,amod,1
1871,metalcore,NN,compound,1
1872,bands,NNS,dobj,1
1873,Give,VB,ROOT,0
1874,me,PRP,dative,0
1875,all,DT,det,0
1876,actors,NNS,dobj,1
1877,who,WP,nsubjpass,0
1878,were,VBD,auxpass,0
1879,born,VBN,relcl,1
1880,in,IN,prep,0
1881,Paris,NNP,pobj,1
1882,after,IN,prep,1
1883,1950,CD,pobj,1
1884,When,WRB,advmod,0
1885,was,VBD,advcl,0
1886,Carlo,NNP,compound,1
1887,Giuliani,NNP,nsubj,1
1888,shot,NN,ROOT,1
1889,Who,WP,attr,0
1890,are,VBP,ROOT,0
1891,the,DT,det,0
1892,four,CD,nummod,1
1893,youngest,JJS,amod,1
1894,MVP,NNP,compound,1
1895,basketball,NN,compound,1
1896,players,NNS,nsubj,0
1897,Which,WDT,det,0
1898,companies,NNS,nsubj,0
1899,have,VBP,ROOT,0
1900,more,JJR,amod,1
1901,than,IN,quantmod,1
1902,million,CD,nummod,1
1903,employees,NNS,dobj,1
1904,Give,VB,ROOT,0
1905,all,DT,det,0
1906,swimmers,NNS,dobj,0
1907,that,WDT,nsubjpass,0
1908,were,VBD,auxpass,0
1909,born,VBN,relcl,1
1910,in,IN,prep,0
1911,Moscow,NNP,pobj,1
1912,Who,WP,nsubjpass,0
1913,was,VBD,auxpass,0
1914,called,VBN,ROOT,1
1915,Rodzilla,NNP,oprd,1
1916,Show,VB,ROOT,0
1917,me,PRP,dative,0
1918,the,DT,det,0
1919,book,NN,dobj,1
1920,that,WDT,dobj,0
1921,Muhammad,NNP,compound,1
1922,Ali,NNP,nsubj,1
1923,wrote,VBD,relcl,1
1924,How,WRB,advmod,0
1925,many,JJ,amod,1
1926,museums,NNS,dobj,0
1927,does,VBZ,aux,0
1928,Paris,NNP,nsubj,1
1929,have,VB,ROOT,0
1930,Which,WDT,det,0
1931,city,NN,nsubj,1
1932,has,VBZ,ROOT,0
1933,the,DT,det,1
1934,most,JJS,amod,1
1935,inhabitants,NNS,dobj,1
1936,Which,WDT,det,0
1937,city,NN,nsubj,1
1938,has,VBZ,ROOT,0
1939,the,DT,det,1
1940,least,JJS,amod,1
1941,inhabitants,NNS,dobj,1
1942,Give,VB,ROOT,0
1943,me,PRP,dative,0
1944,all,PDT,predet,0
1945,the,DT,det,0
1946,TV,NN,compound,1
1947,shows,NNS,dobj,1
1948,with,IN,prep,0
1949,Neil,NNP,compound,1
1950,Patrick,NNP,compound,1
1951,Harris,NNP,pobj,1
1952,Who,WP,nsubj,0
1953,wrote,VBD,ROOT,1
1954,The,DT,det,0
1955,Hunger,NNP,compound,1
1956,Games,NNPS,nsubj,1
1957,Show,VB,ROOT,0
1958,list,NN,dobj,0
1959,of,IN,prep,0
1960,soccer,NN,compound,1
1961,clubs,NNS,pobj,1
1962,that,WDT,nsubj,0
1963,play,VBP,relcl,1
1964,in,IN,prep,0
1965,the,DT,det,0
1966,Bundesliga,NNP,pobj,1
1967,What,WDT,det,0
1968,country,NN,nsubj,1
1969,is,VBZ,ROOT,0
1970,Mount,NNP,compound,1
1971,Everest,NNP,attr,1
1972,in,IN,prep,0
1973,Who,WP,attr,0
1974,is,VBZ,ROOT,0
1975,the,DT,det,0
1976,founder,NN,attr,1
1977,of,IN,prep,0
1978,Penguin,NNP,compound,1
1979,Books,NNPS,pobj,1
1980,Which,WDT,det,0
1981,programming,NN,compound,1
1982,languages,NNS,nsubj,1
1983,influenced,VBD,ROOT,1
1984,Javascript,NNP,dobj,1
1985,Did,VBD,aux,0
1986,Che,NNP,compound,1
1987,Guevara,NNP,nsubj,1
1988,have,VB,ROOT,0
1989,children,NNS,dobj,1
1990,List,VB,ROOT,0
1991,all,PDT,predet,0
1992,the,DT,det,0
1993,musicals,NNS,dobj,1
1994,with,IN,prep,0
1995,music,NN,pobj,1
1996,by,IN,prep,1
1997,Elton,NNP,compound,1
1998,John,NNP,pobj,1
1999,Show,VB,ROOT,0
2000,me,PRP,dative,0
2001,all,PDT,predet,0
2002,the,DT,det,0
2003,breweries,NNS,dobj,1
2004,in,IN,prep,0
2005,Australia,NNP,pobj,1
2006,When,WRB,advmod,0
2007,was,VBD,auxpass,0
2008,the,DT,det,0
2009,Titanic,NN,nsubj,1
2010,completed,VBN,ROOT,0
2011,How,WRB,advmod,0
2012,much,JJ,dobj,0
2013,did,VBD,aux,0
2014,Pulp,NNP,compound,1
2015,Fiction,NNP,compound,1
2016,cost,NN,ROOT,1
2017,How,WRB,advmod,0
2018,many,JJ,amod,1
2019,airlines,NNS,nsubj,1
2020,are,VBP,ROOT,0
2021,there,RB,advmod,0
2022,Who,WP,nsubj,0
2023,played,VBD,ROOT,1
2024,Agent,NNP,compound,1
2025,Smith,NNP,dobj,1
2026,in,IN,prep,0
2027,Matrix,NNP,pobj,1
2028,How,WRB,advmod,0
2029,much,JJ,amod,1
2030,carbs,NNS,dobj,1
2031,does,VBZ,aux,0
2032,peanut,NN,compound,1
2033,butter,NN,nsubj,1
2034,have,VB,ROOT,0
2035,Which,WDT,det,0
2036,book,NN,nsubj,1
2037,has,VBZ,ROOT,0
2038,the,DT,det,1
2039,most,JJS,amod,1
2040,pages,NNS,dobj,1
2041,Which,WDT,det,0
2042,bridges,NNS,nsubj,1
2043,cross,VBP,ROOT,1
2044,the,DT,det,0
2045,Seine,NNP,dobj,1
2046,Who,WP,attr,0
2047,is,VBZ,ROOT,0
2048,the,DT,det,0
2049,mayor,NN,nsubj,1
2050,of,IN,prep,0
2051,the,DT,det,0
2052,capital,NN,pobj,1
2053,of,IN,prep,0
2054,French,JJ,amod,1
2055,Polynesia,NNP,pobj,1
2056,When,WRB,advmod,0
2057,did,VBD,aux,0
2058,Dracula,NNP,poss,1
2059,'s,POS,case,0
2060,creator,NN,nsubj,1
2061,die,VB,ROOT,1
2062,What,WP,attr,0
2063,is,VBZ,ROOT,0
2064,the,DT,det,0
2065,location,NN,nsubj,1
2066,of,IN,prep,1
2067,the,DT,det,0
2068,Houses,NNP,pobj,1
2069,of,IN,prep,1
2070,Parliament,NNP,pobj,1
2071,Show,VB,ROOT,0
2072,me,PRP,dative,0
2073,all,DT,det,0
2074,English,NNP,compound,1
2075,Gothic,NNP,compound,1
2076,buildings,NNS,dobj,1
2077,in,IN,prep,1
2078,Kent,NNP,pobj,1
2079,Who,WP,attr,0
2080,was,VBD,ROOT,0
2081,the,DT,det,0
2082,pope,NN,attr,1
2083,that,WDT,nsubj,0
2084,founded,VBD,relcl,1
2085,the,DT,det,0
2086,Vatican,NNP,compound,1
2087,Television,NNP,dobj,1
2088,What,WP,det,0
2089,airlines,NNS,nsubj,1
2090,are,VBP,ROOT,0
2091,part,NN,attr,1
2092,of,IN,prep,1
2093,the,DT,det,0
2094,SkyTeam,NNP,compound,1
2095,alliance,NN,pobj,1
2096,What,WP,attr,0
2097,is,VBZ,ROOT,0
2098,the,DT,det,0
2099,total,JJ,amod,1
2100,population,NN,nsubj,1
2101,of,IN,prep,0
2102,Melbourne,NNP,pobj,1
2103,Florida,NNP,npadvmod,1
2104,Which,WDT,det,0
2105,airports,NNS,dobj,1
2106,does,VBZ,aux,0
2107,Air,NNP,compound,1
2108,China,NNP,nsubj,1
2109,serve,VB,ROOT,0
2110,In,IN,prep,0
2111,which,WDT,det,0
2112,year,NN,pcomp,1
2113,was,VBD,ROOT,0
2114,Rachel,NNP,compound,1
2115,Stevens,NNP,nsubj,1
2116,born,VBN,acl,1
2117,Where,WRB,advmod,0
2118,was,VBD,auxpass,0
2119,JFK,NNP,nsubj,1
2120,assassinated,VBN,ROOT,1
2121,How,WRB,advmod,0
2122,many,JJ,amod,1
2123,politicians,NNS,nsubj,1
2124,graduated,VBD,ROOT,1
2125,from,IN,prep,0
2126,Columbia,NNP,compound,1
2127,University,NNP,pobj,1
2128,Which,WDT,det,0
2129,scientist,NN,nsubjpass,1
2130,is,VBZ,auxpass,1
2131,known,VBN,ROOT,1
2132,for,IN,prep,1
2133,the,DT,det,0
2134,Manhattan,NNP,compound,1
2135,Project,NNP,pobj,1
2136,and,CC,cc,0
2137,the,DT,det,0
2138,Nobel,NNP,compound,1
2139,Peace,NNP,compound,1
2140,Prize,NNP,conj,1
2141,What,WP,attr,0
2142,is,VBZ,ROOT,0
2143,the,DT,det,0
2144,highest,JJS,amod,1
2145,volcano,NN,nsubj,1
2146,in,IN,prep,0
2147,Africa,NNP,pobj,1
2148,Which,WDT,det,0
2149,beer,NN,nsubj,1
2150,originated,VBD,ROOT,1
2151,in,IN,prep,1
2152,Ireland,NNP,pobj,1
2153,What,WP,attr,0
2154,are,VBP,ROOT,1
2155,the,DT,det,0
2156,specialities,NNS,nsubj,1
2157,of,IN,prep,0
2158,the,DT,det,0
2159,UNC,NNP,compound,1
2160,Health,NNP,compound,1
2161,Care,NNP,pobj,1
2162,Who,WP,attr,0
2163,is,VBZ,ROOT,0
2164,the,DT,det,0
2165,owner,NN,nsubj,1
2166,of,IN,prep,0
2167,Facebook,NNP,pobj,1
2168,From,IN,prep,0
2169,which,WDT,det,0
2170,region,NN,pcomp,1
2171,is,VBZ,ROOT,0
2172,the,DT,det,0
2173,Melon,NNP,compound,1
2174,de,FW,compound,1
2175,Bourgogne,NNP,nsubj,1
2176,Who,WP,nsubjpass,0
2177,was,VBD,auxpass,0
2178,influenced,VBN,ROOT,1
2179,by,IN,agent,0
2180,Socrates,NNP,pobj,0
2181,Who,WP,nsubj,0
2182,was,VBD,ROOT,0
2183,president,NN,attr,1
2184,of,IN,prep,0
2185,Pakistan,NNP,pobj,1
2186,in,IN,prep,0
2187,1978,CD,pobj,1
2188,Give,VB,ROOT,0
2189,me,PRP,dative,0
2190,English,JJ,amod,1
2191,actors,NNS,dobj,1
2192,starring,VBG,acl,1
2193,in,IN,prep,1
2194,Lovesick,NNP,pobj,1
2195,Give,VB,ROOT,0
2196,me,PRP,dative,0
2197,all,DT,det,0
2198,types,NNS,dobj,1
2199,of,IN,prep,0
2200,eating,VBG,pcomp,1
2201,disorders,NNS,dobj,1
2202,Who,WP,nsubjpass,0
2203,was,VBD,auxpass,0
2204,married,VBN,ROOT,1
2205,to,IN,prep,1
2206,president,NN,compound,1
2207,Chirac,NNP,pobj,1
2208,What,WP,attr,0
2209,is,VBZ,ROOT,0
2210,the,DT,det,0
2211,largest,JJS,amod,1
2212,metropolitan,JJ,amod,1
2213,area,NN,nsubj,1
2214,in,IN,prep,1
2215,Washington,NNP,compound,1
2216,state,NN,pobj,1
2217,Where,WRB,advmod,0
2218,in,IN,prep,1
2219,France,NNP,pobj,1
2220,is,VBZ,aux,0
2221,sparkling,VBG,ROOT,1
2222,wine,NN,dobj,1
2223,produced,VBN,acl,1
2224,Where,WRB,advmod,0
2225,did,VBD,aux,0
2226,Hillel,NNP,compound,1
2227,Slovak,NNP,nsubj,1
2228,die,VB,ROOT,0
2229,What,WP,attr,0
2230,is,VBZ,ROOT,0
2231,the,DT,det,0
2232,timezone,NN,nsubj,1
2233,in,IN,prep,0
2234,San,NNP,compound,1
2235,Pedro,NNP,nmod,1
2236,de,IN,nmod,1
2237,Atacama,NNP,pobj,1
2238,In,IN,prep,0
2239,which,WDT,pobj,0
2240,city,NN,nsubj,1
2241,does,VBZ,ROOT,0
2242,the,DT,det,0
2243,Chile,NNP,compound,1
2244,Route,NNP,nsubj,1
2245,68,CD,nummod,1
2246,end,NN,appos,1
2247,Give,VB,ROOT,0
2248,me,PRP,dative,0
2249,all,DT,det,0
2250,ESA,NN,compound,1
2251,astronauts,NNS,dobj,1
2252,Give,VB,ROOT,0
2253,me,PRP,dative,0
2254,all,DT,det,0
2255,Swedish,JJ,amod,1
2256,holidays,NNS,dobj,1
2257,Who,WP,attr,0
2258,is,VBZ,ROOT,0
2259,the,DT,det,0
2260,youngest,JJS,amod,1
2261,Pulitzer,NNP,compound,1
2262,Prize,NNP,compound,1
2263,winner,NN,attr,1
2264,Which,WDT,det,0
2265,animals,NNS,nsubj,0
2266,are,VBP,ROOT,0
2267,critically,RB,advmod,1
2268,endangered,VBN,acomp,1
2269,Which,WDT,det,0
2270,soccer,NN,compound,1
2271,players,NNS,nsubjpass,0
2272,were,VBD,auxpass,0
2273,born,VBN,ROOT,1
2274,on,IN,prep,1
2275,Malta,NNP,pobj,1
2276,Did,VBD,aux,0
2277,Arnold,NNP,compound,1
2278,Schwarzenegger,NNP,nsubj,1
2279,attend,VB,ROOT,1
2280,university,NN,dobj,1
2281,Which,WDT,det,0
2282,programming,NN,compound,1
2283,languages,NNS,nsubjpass,1
2284,were,VBD,auxpass,0
2285,influenced,VBN,ROOT,1
2286,by,IN,agent,1
2287,Perl,NNP,pobj,1
2288,Is,VBZ,ROOT,0
2289,Barack,NNP,compound,1
2290,Obama,NNP,nsubj,1
2291,democrat,NNP,attr,1
2292,How,WRB,advmod,0
2293,many,JJ,amod,0
2294,children,NNS,dobj,1
2295,does,VBZ,aux,0
2296,Eddie,NNP,compound,1
2297,Murphy,NNP,nsubj,1
2298,have,VB,ROOT,0
2299,Who,WP,attr,0
2300,is,VBZ,ROOT,0
2301,the,DT,det,0
2302,oldest,JJS,amod,1
2303,child,NN,attr,1
2304,of,IN,prep,0
2305,Meryl,NNP,compound,1
2306,Streep,NNP,pobj,1
2307,Who,WP,nsubj,0
2308,killed,VBD,ROOT,1
2309,John,NNP,compound,1
2310,Lennon,NNP,dobj,1
2311,Which,WDT,det,0
2312,frequent,JJ,amod,1
2313,flyer,NN,compound,1
2314,program,NN,nsubj,1
2315,has,VBZ,ROOT,0
2316,the,DT,det,0
2317,most,JJS,amod,1
2318,airlines,NNS,dobj,1
2319,In,IN,prep,0
2320,which,WDT,pobj,0
2321,city,NN,nsubj,1
2322,is,VBZ,ROOT,0
2323,Air,NNP,compound,1
2324,China,NNP,nsubj,1
2325,headquartered,VBN,ccomp,0
2326,Which,WDT,det,0
2327,artists,NNS,nsubjpass,0
2328,were,VBD,auxpass,0
2329,born,VBN,ROOT,1
2330,on,IN,prep,0
2331,the,DT,det,0
2332,same,JJ,amod,1
2333,date,NN,pobj,1
2334,as,IN,prep,0
2335,Rachel,NNP,compound,1
2336,Stevens,NNP,pobj,1
2337,How,WRB,advmod,0
2338,many,JJ,amod,0
2339,scientists,NNS,nsubj,1
2340,graduated,VBD,ROOT,1
2341,from,IN,prep,0
2342,an,DT,det,0
2343,Ivy,NNP,compound,1
2344,League,NNP,compound,1
2345,university,NN,pobj,1
2346,Which,WDT,det,0
2347,types,NNS,nsubj,1
2348,of,IN,prep,0
2349,grapes,NNS,pobj,0
2350,grow,VBP,ROOT,1
2351,in,IN,prep,0
2352,Oregon,NNP,pobj,1
2353,Who,WP,nsubj,0
2354,is,VBZ,aux,1
2355,starring,VBG,ROOT,1
2356,in,IN,prep,1
2357,Spanish,JJ,amod,1
2358,movies,NNS,pobj,1
2359,produced,VBN,acl,1
2360,by,IN,agent,0
2361,Benicio,NNP,compound,1
2362,del,NNP,compound,1
2363,Toro,NNP,pobj,1
2364,Who,WP,attr,0
2365,is,VBZ,ROOT,0
2366,the,DT,det,0
2367,manager,NN,attr,1
2368,of,IN,prep,0
2369,Real,NNP,compound,1
2370,Madrid,NNP,pobj,1
2371,Give,VB,ROOT,0
2372,me,PRP,dative,0
2373,the,DT,det,0
2374,currency,NN,dobj,1
2375,of,IN,prep,0
2376,China,NNP,pobj,1
2377,Which,WDT,det,0
2378,movies,VBZ,nsubjpass,1
2379,starring,VBG,acl,1
2380,Brad,NNP,compound,1
2381,Pitt,NNP,dobj,1
2382,were,VBD,auxpass,0
2383,directed,VBN,ROOT,1
2384,by,IN,agent,0
2385,Guy,NNP,compound,1
2386,Ritchie,NNP,pobj,1
2387,How,WRB,advmod,0
2388,many,JJ,amod,0
2389,companies,NNS,nsubjpass,1
2390,were,VBD,auxpass,0
2391,founded,VBN,ROOT,1
2392,by,IN,agent,1
2393,the,DT,det,0
2394,founder,NN,pobj,1
2395,of,IN,prep,0
2396,Facebook,NNP,pobj,1
2397,How,WRB,advmod,0
2398,many,JJ,amod,0
2399,companies,NNS,nsubjpass,1
2400,were,VBD,auxpass,0
2401,founded,VBN,ROOT,1
2402,in,IN,prep,0
2403,the,DT,det,0
2404,same,JJ,amod,1
2405,year,NN,pobj,1
2406,as,IN,prep,0
2407,Google,NNP,pobj,1
2408,Which,WDT,det,0
2409,subsidiary,NN,nsubj,1
2410,of,IN,prep,0
2411,Lufthansa,NNP,pobj,1
2412,serves,VBZ,ROOT,0
2413,both,CC,preconj,0
2414,Dortmund,NNP,dobj,1
2415,and,CC,cc,0
2416,Berlin,NNP,compound,1
2417,Tegel,NNP,conj,1
2418,How,WRB,advmod,0
2419,many,JJ,amod,1
2420,airlines,NNS,nsubj,1
2421,are,VBP,ROOT,0
2422,members,NNS,attr,0
2423,of,IN,prep,0
2424,the,DT,det,0
2425,Star,NNP,compound,1
2426,Alliance,NNP,pobj,1
2427,Give,VB,ROOT,0
2428,me,PRP,dative,0
2429,all,DT,det,0
2430,spacecrafts,NNS,dobj,1
2431,that,WDT,nsubj,0
2432,flew,VBD,relcl,1
2433,to,IN,prep,1
2434,Mars,NNP,pobj,1
2435,Which,WDT,det,0
2436,musician,NN,nsubj,1
2437,wrote,VBD,ROOT,1
2438,the,DT,det,1
2439,most,JJS,amod,1
2440,books,NNS,dobj,1
2441,Show,VB,ROOT,0
2442,me,PRP,dative,0
2443,everyone,NN,dobj,0
2444,who,WP,nsubjpass,0
2445,was,VBD,auxpass,0
2446,born,VBN,relcl,1
2447,on,IN,prep,1
2448,Halloween,NNP,pobj,1
2449,Give,VB,ROOT,0
2450,me,PRP,dative,0
2451,all,DT,det,0
2452,Swiss,JJ,amod,1
2453,non,AFX,amod,1
2454,profit,NN,compound,1
2455,organizations,NNS,dobj,0
2456,In,IN,prep,0
2457,which,WDT,det,0
2458,country,NN,pcomp,1
2459,is,VBZ,auxpass,0
2460,Mecca,NNP,nsubj,1
2461,located,VBN,ROOT,1
2462,What,WP,attr,0
2463,is,VBZ,ROOT,0
2464,the,DT,det,0
2465,net,JJ,amod,1
2466,income,NN,nsubj,1
2467,of,IN,prep,0
2468,Apple,NNP,pobj,1
2469,What,WP,pobj,0
2470,does,VBZ,aux,0
2471,the,DT,det,0
2472,abbreviation,NN,compound,1
2473,FIFA,NNP,compound,1
2474,stand,VB,ROOT,0
2475,for,IN,prep,0
2476,When,WRB,advmod,0
2477,did,VBD,aux,0
2478,the,DT,det,0
2479,Ming,NNP,compound,1
2480,dynasty,NN,nsubj,1
2481,dissolve,VB,ROOT,1
2482,Which,WDT,det,0
2483,museum,NN,nsubj,1
2484,in,IN,prep,0
2485,New,NNP,compound,1
2486,York,NNP,pobj,1
2487,has,VBZ,ROOT,0
2488,the,DT,det,1
2489,most,JJS,amod,1
2490,visitors,NNS,dobj,1
2491,Is,VBZ,ROOT,0
2492,Lake,NNP,compound,1
2493,Baikal,NNP,nsubj,1
2494,bigger,JJR,acomp,1
2495,than,IN,prep,1
2496,the,DT,det,0
2497,Great,NNP,compound,1
2498,Bear,NNP,compound,1
2499,Lake,NNP,pobj,1
2500,Desserts,NNS,ROOT,0
2501,from,IN,prep,0
2502,which,WDT,pobj,0
2503,country,NN,nsubj,1
2504,contain,VBP,relcl,1
2505,fish,NN,dobj,1
2506,What,WP,attr,0
2507,is,VBZ,ROOT,0
2508,the,DT,det,0
2509,highest,JJS,amod,1
2510,mountain,NN,nsubj,1
2511,in,IN,prep,1
2512,Italy,NNP,pobj,1
2513,Where,WRB,advmod,0
2514,did,VBD,ROOT,0
2515,the,DT,det,0
2516,architect,NN,nsubj,1
2517,of,IN,prep,0
2518,the,DT,det,0
2519,Eiffel,NNP,compound,1
2520,Tower,NNP,compound,1
2521,study,NN,pobj,1
2522,Which,WDT,det,0
2523,Greek,JJ,amod,1
2524,parties,NNS,nsubj,0
2525,are,VBP,ROOT,0
2526,pro,JJ,nmod,1
2527,European,JJ,punct,1
2528,What,WP,attr,0
2529,is,VBZ,ROOT,0
2530,the,DT,det,0
2531,height,NN,compound,1
2532,difference,NN,nsubj,1
2533,between,IN,prep,0
2534,Mount,NNP,compound,1
2535,Everest,NNP,pobj,1
2536,and,CC,cc,0
2537,K2,NNP,conj,1
2538,Who,WP,attr,0
2539,is,VBZ,ROOT,0
2540,the,DT,det,0
2541,mayor,NN,attr,1
2542,of,IN,prep,0
2543,Rotterdam,NNP,pobj,1
2544,In,IN,prep,0
2545,which,WDT,pobj,0
2546,city,NN,nsubj,1
2547,were,VBD,ROOT,0
2548,the,DT,det,0
2549,parents,NNS,attr,1
2550,of,IN,prep,0
2551,Che,NNP,compound,1
2552,Guevara,NNP,pobj,1
2553,born,VBD,acl,1
2554,How,WRB,advmod,0
2555,high,JJ,acomp,1
2556,is,VBZ,ROOT,0
2557,the,DT,det,0
2558,Yokohama,NNP,compound,1
2559,Marine,NNP,compound,1
2560,Tower,NNP,nsubj,1
2561,Are,VBP,ROOT,0
2562,Taiko,NNP,nsubj,1
2563,kind,NN,attr,1
2564,of,IN,prep,1
2565,Japanese,JJ,amod,1
2566,musical,JJ,amod,1
2567,instruments,NNS,pobj,0
2568,How,WRB,advmod,0
2569,many,JJ,amod,1
2570,ethnic,JJ,amod,1
2571,groups,NNS,nsubj,1
2572,live,VBP,ROOT,0
2573,in,IN,prep,0
2574,Slovenia,NNP,pobj,1
2575,List,VB,ROOT,0
2576,the,DT,det,0
2577,seven,CD,nummod,0
2578,kings,NNS,dobj,1
2579,of,IN,prep,0
2580,Rome,NNP,pobj,1
2581,Who,WP,attr,0
2582,were,VBD,ROOT,0
2583,the,DT,det,0
2584,parents,NNS,nsubj,1
2585,of,IN,prep,0
2586,Queen,NNP,compound,1
2587,Victoria,NNP,pobj,1
2588,Who,WP,attr,0
2589,is,VBZ,ROOT,0
2590,the,DT,det,0
2591,heaviest,JJS,amod,1
2592,player,NN,attr,1
2593,of,IN,prep,0
2594,the,DT,det,0
2595,Chicago,NNP,compound,1
2596,Bulls,NNPS,pobj,1
2597,Which,WDT,det,0
2598,volcanos,VBZ,nsubj,1
2599,in,IN,prep,1
2600,Japan,NNP,pobj,1
2601,erupted,VBD,ROOT,1
2602,since,IN,prep,1
2603,2000,CD,pobj,1
2604,Who,WP,attr,0
2605,is,VBZ,ROOT,0
2606,the,DT,det,0
2607,tallest,JJS,amod,1
2608,basketball,NN,compound,1
2609,player,NN,nsubj,1
